first_name,last_name,company_name,address,city,county,state,zip,phone,phone2,email,web,blood_type,dob
James,Butt,"Benton John B Jr",6649 N Blue Gum St,New Orleans,Orleans,LA,70116,504-621-8927,504-845-1427,jbutt@gmail.com,http://www.bentonjohnbjr.com,O+,11/30/1961
Josephine,Darakjy,"Chanay Jeffrey A Esq",4 B Blue Ridge Blvd,Brighton,Livingston,MI,48116,810-292-9388,810-374-9840,josephine_darakjy@darakjy.org,http://www.chanayjeffreyaesq.com,O-,4/25/1962
Art,Venere,"Chemel James L Cpa",8 W Cerritos Ave #54,Bridgeport,Gloucester,NJ,8014,856-636-8749,856-264-4130,art@venere.org,http://www.chemeljameslcpa.com,A+,10/05/1963
Lenna,Paprocki,Feltz Printing Service,639 Main St,Anchorage,Anchorage,AK,99501,907-385-4412,907-921-2010,lpaprocki@hotmail.com,http://www.feltzprintingservice.com,A-,10/28/1963
Donette,Foller,Printing Dimensions,34 Center St,Hamilton,Butler,OH,45011,513-570-1893,513-549-4561,donette.foller@cox.net,http://www.printingdimensions.com,B+,9/18/1964
Simona,Morasca,"Chapman Ross E Esq",3 Mcauley Dr,Ashland,Ashland,OH,44805,419-503-2484,419-800-6759,simona@morasca.com,http://www.chapmanrosseesq.com,B-,7/21/1965
Mitsue,Tollner,Morlong Associates,7 Eads St,Chicago,Cook,IL,60632,773-573-6914,773-924-8565,mitsue_tollner@yahoo.com,http://www.morlongassociates.com,AB+,4/13/1966
Leota,Dilliard,Commercial Press,7 W Jackson Blvd,San Jose,Santa Clara,CA,95111,408-752-3500,408-813-1105,leota@hotmail.com,http://www.commercialpress.com,AB-,8/25/1967
Sage,Wieser,Truhlar And Truhlar Attys,5 Boston Ave #88,Sioux Falls,Minnehaha,SD,57105,605-414-2147,605-794-4895,sage_wieser@cox.net,http://www.truhlarandtruhlarattys.com,O+,8/25/1968
Kris,Marrier,"King Christopher A Esq",228 Runamuck Pl #2808,Baltimore,Baltimore City,MD,21224,410-655-8723,410-804-4694,kris@gmail.com,http://www.kingchristopheraesq.com,O-,10/11/1969
Minna,Amigon,"Dorl James J Esq",2371 Jerrold Ave,Kulpsville,Montgomery,PA,19443,215-874-1229,215-422-8694,minna_amigon@yahoo.com,http://www.dorljamesjesq.com,A+,02/03/1970
Abel,Maclead,Rangoni Of Florence,37275 St  Rt 17m M,Middle Island,Suffolk,NY,11953,631-335-3414,631-677-3675,amaclead@gmail.com,http://www.rangoniofflorence.com,A-,4/15/1971
Kiley,Caldarera,Feiner Bros,25 E 75th St #69,Los Angeles,Los Angeles,CA,90034,310-498-5651,310-254-3084,kiley.caldarera@aol.com,http://www.feinerbros.com,B+,5/15/1971
Graciela,Ruta,Buckley Miller & Wright,98 Connecticut Ave Nw,Chagrin Falls,Geauga,OH,44023,440-780-8425,440-579-7763,gruta@cox.net,http://www.buckleymillerwright.com,B-,09/07/1971
Cammy,Albares,"Rousseaux Michael Esq",56 E Morehead St,Laredo,Webb,TX,78045,956-537-6195,956-841-7216,calbares@gmail.com,http://www.rousseauxmichaelesq.com,AB+,9/14/1971
Mattie,Poquette,Century Communications,73 State Road 434 E,Phoenix,Maricopa,AZ,85013,602-277-4385,602-953-6360,mattie@aol.com,http://www.centurycommunications.com,AB-,5/22/1972
Meaghan,Garufi,"Bolton Wilbur Esq",69734 E Carrillo St,Mc Minnville,Warren,TN,37110,931-313-9635,931-235-7959,meaghan@hotmail.com,http://www.boltonwilburesq.com,O+,3/20/1974
Gladys,Rim,T M Byxbee Company Pc,322 New Horizon Blvd,Milwaukee,Milwaukee,WI,53207,414-661-9598,414-377-2880,gladys.rim@rim.org,http://www.tmbyxbeecompanypc.com,O-,4/21/1974
Yuki,Whobrey,Farmers Insurance Group,1 State Route 27,Taylor,Wayne,MI,48180,313-288-7937,313-341-4470,yuki_whobrey@aol.com,http://www.farmersinsurancegroup.com,A+,11/09/1974
Fletcher,Flosi,Post Box Services Plus,394 Manchester Blvd,Rockford,Winnebago,IL,61109,815-828-2147,815-426-5657,fletcher.flosi@yahoo.com,http://www.postboxservicesplus.com,A-,7/17/1975
Bette,Nicka,Sport En Art,6 S 33rd St,Aston,Delaware,PA,19014,610-545-3615,610-492-4643,bette_nicka@cox.net,http://www.sportenart.com,B+,11/20/1976
Veronika,Inouye,C 4 Network Inc,6 Greenleaf Ave,San Jose,Santa Clara,CA,95111,408-540-1785,408-813-4592,vinouye@aol.com,http://www.cnetworkinc.com,B-,10/04/1978
Willard,Kolmetz,"Ingalls Donald R Esq",618 W Yakima Ave,Irving,Dallas,TX,75062,972-303-9197,972-896-4882,willard@hotmail.com,http://www.ingallsdonaldresq.com,AB+,5/19/1978
Maryann,Royster,"Franklin Peter L Esq",74 S Westgate St,Albany,Albany,NY,12204,518-966-7987,518-448-8982,mroyster@royster.com,http://www.franklinpeterlesq.com,AB-,12/07/1978
Alisha,Slusarski,Wtlz Power 107 Fm,3273 State St,Middlesex,Middlesex,NJ,8846,732-658-3154,732-635-3453,alisha@slusarski.com,http://www.wtlzpowerfm.com,O+,8/16/1980
Allene,Iturbide,"Ledecky David Esq",1 Central Ave,Stevens Point,Portage,WI,54481,715-662-6764,715-530-9863,allene_iturbide@cox.net,http://www.ledeckydavidesq.com,O-,1/15/1960
Chanel,Caudy,Professional Image Inc,86 Nw 66th St #8673,Shawnee,Johnson,KS,66218,913-388-2079,913-899-1103,chanel.caudy@caudy.org,http://www.professionalimageinc.com,A+,10/10/1960
Ezekiel,Chui,"Sider Donald C Esq",2 Cedar Ave #84,Easton,Talbot,MD,21601,410-669-1642,410-235-8738,ezekiel@chui.com,http://www.siderdonaldcesq.com,A-,02/02/1961
Willow,Kusko,U Pull It,90991 Thorburn Ave,New York,New York,NY,10011,212-582-4976,212-934-5167,wkusko@yahoo.com,http://www.upullit.com,B+,4/23/1961
Bernardo,Figeroa,"Clark Richard Cpa",386 9th Ave N,Conroe,Montgomery,TX,77301,936-336-3951,936-597-3614,bfigeroa@aol.com,http://www.clarkrichardcpa.com,B-,09/05/1961
Ammie,Corrio,"Moskowitz Barry S",74874 Atlantic Ave,Columbus,Franklin,OH,43215,614-801-9788,614-648-3265,ammie@corrio.com,http://www.moskowitzbarrys.com,AB+,1/15/1962
Francine,Vocelka,Cascade Realty Advisors Inc,366 South Dr,Las Cruces,Dona Ana,NM,88011,505-977-3911,505-335-5293,francine_vocelka@vocelka.com,http://www.cascaderealtyadvisorsinc.com,AB-,8/21/1962
Ernie,Stenseth,Knwz Newsradio,45 E Liberty St,Ridgefield Park,Bergen,NJ,7660,201-709-6245,201-387-9093,ernie_stenseth@aol.com,http://www.knwznewsradio.com,O+,08/05/1964
Albina,Glick,"Giampetro Anthony D",4 Ralph Ct,Dunellen,Middlesex,NJ,8812,732-924-7882,732-782-6701,albina@glick.com,http://www.giampetroanthonyd.com,O-,8/18/1964
Alishia,Sergi,Milford Enterprises Inc,2742 Distribution Way,New York,New York,NY,10025,212-860-1579,212-753-2740,asergi@gmail.com,http://www.milfordenterprisesinc.com,A+,08/11/1965
Solange,Shinko,"Mosocco Ronald A",426 Wolf St,Metairie,Jefferson,LA,70002,504-979-9175,504-265-8174,solange@shinko.com,http://www.mosoccoronalda.com,A-,6/24/1967
Jose,Stockham,Tri State Refueler Co,128 Bransten Rd,New York,New York,NY,10011,212-675-8570,212-569-4233,jose@yahoo.com,http://www.tristaterefuelerco.com,B+,7/20/1969
Rozella,Ostrosky,Parkway Company,17 Morena Blvd,Camarillo,Ventura,CA,93012,805-832-6163,805-609-1531,rozella.ostrosky@ostrosky.com,http://www.parkwaycompany.com,B-,08/11/1969
Valentine,Gillian,Fbs Business Finance,775 W 17th St,San Antonio,Bexar,TX,78204,210-812-9597,210-300-6244,valentine_gillian@gmail.com,http://www.fbsbusinessfinance.com,AB+,7/20/1970
Kati,Rulapaugh,Eder Assocs Consltng Engrs Pc,6980 Dorsett Rd,Abilene,Dickinson,KS,67410,785-463-7829,785-219-7724,kati.rulapaugh@hotmail.com,http://www.ederassocsconsltngengrspc.com,AB-,03/02/1971
Youlanda,Schemmer,Tri M Tool Inc,2881 Lewis Rd,Prineville,Crook,OR,97754,541-548-8197,541-993-2611,youlanda@aol.com,http://www.trimtoolinc.com,O+,08/02/1971
Dyan,Oldroyd,International Eyelets Inc,7219 Woodfield Rd,Overland Park,Johnson,KS,66204,913-413-4604,913-645-8918,doldroyd@aol.com,http://www.internationaleyeletsinc.com,O-,01/02/1972
Roxane,Campain,Rapid Trading Intl,1048 Main St,Fairbanks,Fairbanks North Star,AK,99708,907-231-4722,907-335-6568,roxane@hotmail.com,http://www.rapidtradingintl.com,A+,03/05/1972
Lavera,Perin,Abc Enterprises Inc,678 3rd Ave,Miami,Miami-Dade,FL,33196,305-606-7291,305-995-2078,lperin@perin.org,http://www.abcenterprisesinc.com,A-,11/27/1974
Erick,Ferencz,Cindy Turner Associates,20 S Babcock St,Fairbanks,Fairbanks North Star,AK,99712,907-741-1044,907-227-6777,erick.ferencz@aol.com,http://www.cindyturnerassociates.com,B+,02/09/1975
Fatima,Saylors,"Stanton James D Esq",2 Lighthouse Ave,Hopkins,Hennepin,MN,55343,952-768-2416,952-479-2375,fsaylors@saylors.org,http://www.stantonjamesdesq.com,B-,11/20/1975
Jina,Briddick,Grace Pastries Inc,38938 Park Blvd,Boston,Suffolk,MA,2128,617-399-5124,617-997-5771,jina_briddick@briddick.com,http://www.gracepastriesinc.com,AB+,12/20/1976
Kanisha,Waycott,"Schroer Gene E Esq",5 Tomahawk Dr,Los Angeles,Los Angeles,CA,90006,323-453-2780,323-315-7314,kanisha_waycott@yahoo.com,http://www.schroergeneeesq.com,AB-,8/17/1977
Emerson,Bowley,Knights Inn,762 S Main St,Madison,Dane,WI,53711,608-336-7444,608-658-7940,emerson.bowley@bowley.org,http://www.knightsinn.com,O+,3/24/1980
Blair,Malet,Bollinger Mach Shp & Shipyard,209 Decker Dr,Philadelphia,Philadelphia,PA,19132,215-907-9111,215-794-4519,bmalet@yahoo.com,http://www.bollingermachshpshipyard.com,O-,12/27/1980
Brock,Bolognia,Orinda News,4486 W O St #1,New York,New York,NY,10003,212-402-9216,212-617-5063,bbolognia@yahoo.com,http://www.orindanews.com,A+,2/14/1960
Lorrie,Nestle,Ballard Spahr Andrews,39 S 7th St,Tullahoma,Coffee,TN,37388,931-875-6644,931-303-6041,lnestle@hotmail.com,http://www.ballardspahrandrews.com,A-,4/24/1960
Sabra,Uyetake,Lowy Limousine Service,98839 Hawthorne Blvd #6101,Columbia,Richland,SC,29201,803-925-5213,803-681-3678,sabra@uyetake.org,http://www.lowylimousineservice.com,B+,4/26/1960
Marjory,Mastella,Vicon Corporation,71 San Mateo Ave,Wayne,Delaware,PA,19087,610-814-5533,610-379-7125,mmastella@mastella.com,http://www.viconcorporation.com,B-,1/27/1963
Karl,Klonowski,"Rossi Michael M",76 Brooks St #9,Flemington,Hunterdon,NJ,8822,908-877-6135,908-470-4661,karl_klonowski@yahoo.com,http://www.rossimichaelm.com,AB+,1/25/1964
Tonette,Wenner,Northwest Publishing,4545 Courthouse Rd,Westbury,Nassau,NY,11590,516-968-6051,516-333-4861,twenner@aol.com,http://www.northwestpublishing.com,AB-,3/24/1964
Amber,Monarrez,Branford Wire & Mfg Co,14288 Foster Ave #4121,Jenkintown,Montgomery,PA,19046,215-934-8655,215-329-6386,amber_monarrez@monarrez.org,http://www.branfordwiremfgco.com,O+,08/09/1964
Shenika,Seewald,East Coast Marketing,4 Otis St,Van Nuys,Los Angeles,CA,91405,818-423-4007,818-749-8650,shenika@gmail.com,http://www.eastcoastmarketing.com,O-,02/10/1966
Delmy,Ahle,Wye Technologies Inc,65895 S 16th St,Providence,Providence,RI,2909,401-458-2547,401-559-8961,delmy.ahle@hotmail.com,http://www.wyetechnologiesinc.com,A+,4/14/1967
Deeanna,Juhas,"Healy George W Iv",14302 Pennsylvania Ave,Huntingdon Valley,Montgomery,PA,19006,215-211-9589,215-417-9563,deeanna_juhas@gmail.com,http://www.healygeorgewiv.com,A-,7/17/1969
Blondell,Pugh,Alpenlite Inc,201 Hawk Ct,Providence,Providence,RI,2904,401-960-8259,401-300-8122,bpugh@aol.com,http://www.alpenliteinc.com,B+,10/09/1969
Jamal,Vanausdal,"Hubbard Bruce Esq",53075 Sw 152nd Ter #615,Monroe Township,Middlesex,NJ,8831,732-234-1546,732-904-2931,jamal@vanausdal.org,http://www.hubbardbruceesq.com,B-,10/22/1970
Cecily,Hollack,Arthur A Oliver & Son Inc,59 N Groesbeck Hwy,Austin,Travis,TX,78731,512-486-3817,512-861-3814,cecily@hollack.org,http://www.arthuraoliversoninc.com,AB+,02/01/1971
Carmelina,Lindall,George Jessop Carter Jewelers,2664 Lewis Rd,Littleton,Douglas,CO,80126,303-724-7371,303-874-5160,carmelina_lindall@lindall.com,http://www.georgejessopcarterjewelers.com,AB-,2/21/1972
Maurine,Yglesias,"Schultz Thomas C Md",59 Shady Ln #53,Milwaukee,Milwaukee,WI,53214,414-748-1374,414-573-7719,maurine_yglesias@yglesias.com,http://www.schultzthomascmd.com,O+,03/07/1972
Tawna,Buvens,H H H Enterprises Inc,3305 Nabell Ave #679,New York,New York,NY,10009,212-674-9610,212-462-9157,tawna@gmail.com,http://www.hhhenterprisesinc.com,O-,5/27/1974
Penney,Weight,Hawaiian King Hotel,18 Fountain St,Anchorage,Anchorage,AK,99515,907-797-9628,907-873-2882,penney_weight@aol.com,http://www.hawaiiankinghotel.com,A+,10/04/1976
Elly,Morocco,Killion Industries,7 W 32nd St,Erie,Erie,PA,16502,814-393-5571,814-420-3553,elly_morocco@gmail.com,http://www.killionindustries.com,A-,10/13/1976
Ilene,Eroman,"Robinson William J Esq",2853 S Central Expy,Glen Burnie,Anne Arundel,MD,21061,410-914-9018,410-937-4543,ilene.eroman@hotmail.com,http://www.robinsonwilliamjesq.com,B+,11/13/1976
Vallie,Mondella,Private Properties,74 W College St,Boise,Ada,ID,83707,208-862-5339,208-737-8439,vmondella@mondella.com,http://www.privateproperties.com,B-,1/15/1977
Kallie,Blackwood,Rowley Schlimgen Inc,701 S Harrison Rd,San Francisco,San Francisco,CA,94104,415-315-2761,415-604-7609,kallie.blackwood@gmail.com,http://www.rowleyschlimgeninc.com,AB+,11/23/1977
Johnetta,Abdallah,Forging Specialties,1088 Pinehurst St,Chapel Hill,Orange,NC,27514,919-225-9345,919-715-3791,johnetta_abdallah@aol.com,http://www.forgingspecialties.com,AB-,10/12/1977
Bobbye,Rhym,"Smits Patricia Garity",30 W 80th St #1995,San Carlos,San Mateo,CA,94070,650-528-5783,650-811-9032,brhym@rhym.com,http://www.smitspatriciagarity.com,O+,07/10/1978
Micaela,Rhymes,H Lee Leonard Attorney At Law,20932 Hedley St,Concord,Contra Costa,CA,94520,925-647-3298,925-522-7798,micaela_rhymes@gmail.com,http://www.hleeleonardattorneyatlaw.com,O-,08/09/1980
Tamar,Hoogland,A K Construction Co,2737 Pistorio Rd #9230,London,Madison,OH,43140,740-343-8575,740-526-5410,tamar@hotmail.com,http://www.akconstructionco.com,A+,08/11/1980
Moon,Parlato,"Ambelang Jessica M Md",74989 Brandon St,Wellsville,Allegany,NY,14895,585-866-8313,585-498-4278,moon@yahoo.com,http://www.ambelangjessicammd.com,A-,07/01/1961
Laurel,Reitler,Q A Service,6 Kains Ave,Baltimore,Baltimore City,MD,21215,410-520-4832,410-957-6903,laurel_reitler@reitler.com,http://www.qaservice.com,B+,3/30/1961
Delisa,Crupi,Wood & Whitacre Contractors,47565 W Grand Ave,Newark,Essex,NJ,7105,973-354-2040,973-847-9611,delisa.crupi@crupi.com,http://www.woodwhitacrecontractors.com,B-,02/09/1962
Viva,Toelkes,Mark Iv Press Ltd,4284 Dorigo Ln,Chicago,Cook,IL,60647,773-446-5569,773-352-3437,viva.toelkes@gmail.com,http://www.markivpressltd.com,AB+,12/18/1962
Elza,Lipke,Museum Of Science & Industry,6794 Lake Dr E,Newark,Essex,NJ,7104,973-927-3447,973-796-3667,elza@yahoo.com,http://www.museumofscienceindustry.com,AB-,03/10/1963
Devorah,Chickering,Garrison Ind,31 Douglas Blvd #950,Clovis,Curry,NM,88101,505-975-8559,505-950-1763,devorah@hotmail.com,http://www.garrisonind.com,O+,05/03/1964
Timothy,Mulqueen,Saronix Nymph Products,44 W 4th St,Staten Island,Richmond,NY,10309,718-332-6527,718-654-7063,timothy_mulqueen@mulqueen.org,http://www.saronixnymphproducts.com,O-,5/31/1964
Arlette,Honeywell,Smc Inc,11279 Loytan St,Jacksonville,Duval,FL,32254,904-775-4480,904-514-9918,ahoneywell@honeywell.com,http://www.smcinc.com,A+,02/02/1967
Dominque,Dickerson,E A I Electronic Assocs Inc,69 Marquette Ave,Hayward,Alameda,CA,94545,510-993-3758,510-901-7640,dominque.dickerson@dickerson.org,http://www.eaielectronicassocsinc.com,A-,08/10/1967
Lettie,Isenhower,"Conte Christopher A Esq",70 W Main St,Beachwood,Cuyahoga,OH,44122,216-657-7668,216-733-8494,lettie_isenhower@yahoo.com,http://www.contechristopheraesq.com,B+,4/13/1968
Myra,Munns,Anker Law Office,461 Prospect Pl #316,Euless,Tarrant,TX,76040,817-914-7518,817-451-3518,mmunns@cox.net,http://www.ankerlawoffice.com,B-,8/27/1968
Stephaine,Barfield,Beutelschies & Company,47154 Whipple Ave Nw,Gardena,Los Angeles,CA,90247,310-774-7643,310-968-1219,stephaine@barfield.com,http://www.beutelschiescompany.com,AB+,11/30/1968
Lai,Gato,"Fligg Kenneth I Jr",37 Alabama Ave,Evanston,Cook,IL,60201,847-728-7286,847-957-4614,lai.gato@gato.org,http://www.fliggkennethijr.com,AB-,5/23/1969
Stephen,Emigh,"Sharp J Daniel Esq",3777 E Richmond St #900,Akron,Summit,OH,44302,330-537-5358,330-700-2312,stephen_emigh@hotmail.com,http://www.sharpjdanielesq.com,B+,10/01/1970
Tyra,Shields,"Assink Anne H Esq",3 Fort Worth Ave,Philadelphia,Philadelphia,PA,19106,215-255-1641,215-228-8264,tshields@gmail.com,http://www.assinkannehesq.com,B+,10/14/1970
Tammara,Wardrip,Jewel My Shop Inc,4800 Black Horse Pike,Burlingame,San Mateo,CA,94010,650-803-1936,650-216-5075,twardrip@cox.net,http://www.jewelmyshopinc.com,B+,6/27/1972
Cory,Gibes,Chinese Translation Resources,83649 W Belmont Ave,San Gabriel,Los Angeles,CA,91776,626-572-1096,626-696-2777,cory.gibes@gmail.com,http://www.chinesetranslationresources.com,B+,10/19/1973
Danica,Bruschke,"Stevens Charles T",840 15th Ave,Waco,McLennan,TX,76708,254-782-8569,254-205-1422,danica_bruschke@gmail.com,http://www.stevenscharlest.com,B+,09/02/1975
Wilda,Giguere,"Mclaughlin Luther W Cpa",1747 Calle Amanecer #2,Anchorage,Anchorage,AK,99501,907-870-5536,907-914-9482,wilda@cox.net,http://www.mclaughlinlutherwcpa.com,B+,06/04/1975
Elvera,Benimadho,Tree Musketeers,99385 Charity St #840,San Jose,Santa Clara,CA,95110,408-703-8505,408-440-8447,elvera.benimadho@cox.net,http://www.treemusketeers.com,B+,02/12/1977
Carma,Vanheusen,Springfield Div Oh Edison Co,68556 Central Hwy,San Leandro,Alameda,CA,94577,510-503-7169,510-452-4835,carma@cox.net,http://www.springfielddivohedisonco.com,B+,2/20/1978
Malinda,Hochard,Logan Memorial Hospital,55 Riverside Ave,Indianapolis,Marion,IN,46202,317-722-5066,317-472-2412,malinda.hochard@yahoo.com,http://www.loganmemorialhospital.com,B+,06/04/1978
Natalie,Fern,"Kelly Charles G Esq",7140 University Ave,Rock Springs,Sweetwater,WY,82901,307-704-8713,307-279-3793,natalie.fern@hotmail.com,http://www.kellycharlesgesq.com,B+,9/28/1978
Lisha,Centini,Industrial Paper Shredders Inc,64 5th Ave #1153,Mc Lean,Fairfax,VA,22102,703-235-3937,703-475-7568,lisha@centini.org,http://www.industrialpapershreddersinc.com,B+,2/24/1979
Arlene,Klusman,Beck Horizon Builders,3 Secor Rd,New Orleans,Orleans,LA,70112,504-710-5840,504-946-1807,arlene_klusman@gmail.com,http://www.beckhorizonbuilders.com,B+,1/20/1980
